{"cameraMode":{"drawMode":0,"name":"Shaded","section":"Shading Mode"},"sceneLighting":false,"audioPlay":false,"sceneViewState":{"m_AlwaysRefresh":false,"showFog":true,"showSkybox":false,"showFlares":true,"showImageEffects":true,"showParticleSystems":true,"showVisualEffectGraphs":true,"m_FxEnabled":true},"in2DMode":false,"pivot":{"x":-1.5582003593444825,"y":-2.823298215866089,"z":11.281729698181153},"rotation":{"x":0.23742890357971192,"y":-0.04660631716251373,"z":0.01140518207103014,"w":0.9702195525169373},"size":10.713204383850098,"orthographic":false}