{"cameraMode":{"drawMode":0,"name":"Shaded","section":"Shading Mode"},"sceneLighting":false,"audioPlay":false,"sceneViewState":{"m_AlwaysRefresh":false,"showFog":true,"showSkybox":false,"showFlares":true,"showImageEffects":true,"showParticleSystems":true,"showVisualEffectGraphs":true,"m_FxEnabled":true},"in2DMode":false,"pivot":{"x":1.5329996347427369,"y":1.0931706428527833,"z":-0.015248075127601624},"rotation":{"x":0.0649147629737854,"y":-0.9330859780311585,"z":0.21650835871696473,"w":0.2797625958919525},"size":1.2724725008010865,"orthographic":false}