{"cameraMode":{"drawMode":0,"name":"Shaded","section":"Shading Mode"},"sceneLighting":false,"audioPlay":false,"sceneViewState":{"m_AlwaysRefresh":false,"showFog":true,"showSkybox":false,"showFlares":true,"showImageEffects":true,"showParticleSystems":true,"showVisualEffectGraphs":true,"m_FxEnabled":true},"in2DMode":false,"pivot":{"x":-4.1910552978515629,"y":-2.790508270263672,"z":22.102401733398439},"rotation":{"x":0.17604930698871613,"y":-0.01771801896393299,"z":0.0031689878087490799,"w":0.9842172265052795},"size":16.126813888549806,"orthographic":false}