{"cameraMode":{"drawMode":0,"name":"Shaded","section":"Shading Mode"},"sceneLighting":false,"audioPlay":false,"sceneViewState":{"m_AlwaysRefresh":false,"showFog":true,"showSkybox":false,"showFlares":true,"showImageEffects":true,"showParticleSystems":true,"showVisualEffectGraphs":true,"m_FxEnabled":true},"in2DMode":false,"pivot":{"x":-0.30235058069229128,"y":9.03114128112793,"z":-5.2914581298828129},"rotation":{"x":0.04197557270526886,"y":-0.02397654764354229,"z":0.0010076103499159217,"w":0.9988303780555725},"size":9.01584243774414,"orthographic":false}