{"cameraMode":{"drawMode":0,"name":"Shaded","section":"Shading Mode"},"sceneLighting":false,"audioPlay":false,"sceneViewState":{"m_AlwaysRefresh":false,"showFog":true,"showSkybox":false,"showFlares":true,"showImageEffects":true,"showParticleSystems":true,"showVisualEffectGraphs":true,"m_FxEnabled":true},"in2DMode":false,"pivot":{"x":-14.79603385925293,"y":-14.18248462677002,"z":22.409177780151368},"rotation":{"x":0.29950854182243349,"y":-0.43707069754600527,"z":0.15707097947597505,"w":0.8334208130836487},"size":31.298385620117189,"orthographic":false}