{"cameraMode":{"drawMode":0,"name":"Shaded","section":"Shading Mode"},"sceneLighting":false,"audioPlay":false,"sceneViewState":{"m_AlwaysRefresh":false,"showFog":true,"showSkybox":false,"showFlares":true,"showImageEffects":true,"showParticleSystems":true,"showVisualEffectGraphs":true,"m_FxEnabled":true},"in2DMode":false,"pivot":{"x":0.6575000286102295,"y":2.3389997482299806,"z":11.93899917602539},"rotation":{"x":0.08480386435985565,"y":0.18424057960510255,"z":-0.015955930575728418,"w":0.9790966510772705},"size":14.488482475280762,"orthographic":false}