{"cameraMode":{"drawMode":0,"name":"Shaded","section":"Shading Mode"},"sceneLighting":false,"audioPlay":false,"sceneViewState":{"m_AlwaysRefresh":false,"showFog":true,"showSkybox":false,"showFlares":true,"showImageEffects":true,"showParticleSystems":true,"showVisualEffectGraphs":true,"m_FxEnabled":true},"in2DMode":false,"pivot":{"x":1.260406494140625,"y":2.4853594303131105,"z":8.035922050476075},"rotation":{"x":0.1635776162147522,"y":-0.031070200726389886,"z":0.005154507700353861,"w":0.9860295057296753},"size":11.742170333862305,"orthographic":false}