{"cameraMode":{"drawMode":0,"name":"Shaded","section":"Shading Mode"},"sceneLighting":false,"audioPlay":false,"sceneViewState":{"m_AlwaysRefresh":false,"showFog":true,"showSkybox":false,"showFlares":true,"showImageEffects":true,"showParticleSystems":true,"showVisualEffectGraphs":true,"m_FxEnabled":true},"in2DMode":false,"pivot":{"x":0.9054518342018127,"y":2.7772445678710939,"z":9.904094696044922},"rotation":{"x":0.35732102394104006,"y":0.0014009722508490086,"z":-0.0005359838833101094,"w":0.9339808821678162},"size":9.436612129211426,"orthographic":false}