{"cameraMode":{"drawMode":0,"name":"Shaded","section":"Shading Mode"},"sceneLighting":false,"audioPlay":false,"sceneViewState":{"m_AlwaysRefresh":false,"showFog":true,"showSkybox":false,"showFlares":true,"showImageEffects":true,"showParticleSystems":true,"showVisualEffectGraphs":true,"m_FxEnabled":true},"in2DMode":false,"pivot":{"x":1.5919686555862427,"y":3.7563273906707765,"z":7.35981559753418},"rotation":{"x":0.056885816156864169,"y":-0.05388627201318741,"z":0.0030751158483326437,"w":0.9969213604927063},"size":9.431153297424317,"orthographic":false}