{"cameraMode":{"drawMode":0,"name":"Shaded","section":"Shading Mode"},"sceneLighting":false,"audioPlay":false,"sceneViewState":{"m_AlwaysRefresh":false,"showFog":true,"showSkybox":false,"showFlares":true,"showImageEffects":true,"showParticleSystems":true,"showVisualEffectGraphs":true,"m_FxEnabled":true},"in2DMode":false,"pivot":{"x":-2.086162567138672e-7,"y":1.0931706428527833,"z":-0.01896701753139496},"rotation":{"x":0.0649147629737854,"y":-0.9330859780311585,"z":0.21650835871696473,"w":0.2797625958919525},"size":0.9659106731414795,"orthographic":false}