{"cameraMode":{"drawMode":0,"name":"Shaded","section":"Shading Mode"},"sceneLighting":false,"audioPlay":false,"sceneViewState":{"m_AlwaysRefresh":false,"showFog":true,"showSkybox":false,"showFlares":true,"showImageEffects":true,"showParticleSystems":true,"showVisualEffectGraphs":true,"m_FxEnabled":true},"in2DMode":false,"pivot":{"x":6.329397201538086,"y":-3.741382122039795,"z":26.070268630981447},"rotation":{"x":0.1326361745595932,"y":0.14073801040649415,"z":-0.019029682502150537,"w":0.9809423089027405},"size":19.146942138671876,"orthographic":false}