{"cameraMode":{"drawMode":0,"name":"Shaded","section":"Shading Mode"},"sceneLighting":false,"audioPlay":false,"sceneViewState":{"m_AlwaysRefresh":false,"showFog":true,"showSkybox":false,"showFlares":true,"showImageEffects":true,"showParticleSystems":true,"showVisualEffectGraphs":true,"m_FxEnabled":true},"in2DMode":false,"pivot":{"x":1.05010986328125,"y":1.1582067012786866,"z":8.395999908447266},"rotation":{"x":0.08480386435985565,"y":0.18424057960510255,"z":-0.015955930575728418,"w":0.9790966510772705},"size":7.4853620529174809,"orthographic":false}