{"cameraMode":{"drawMode":0,"name":"Shaded","section":"Shading Mode"},"sceneLighting":false,"audioPlay":false,"sceneViewState":{"m_AlwaysRefresh":false,"showFog":true,"showSkybox":false,"showFlares":true,"showImageEffects":true,"showParticleSystems":true,"showVisualEffectGraphs":true,"m_FxEnabled":true},"in2DMode":false,"pivot":{"x":2.839130401611328,"y":5.801549911499023,"z":62.82173538208008},"rotation":{"x":0.15526670217514039,"y":0.03555504232645035,"z":-0.005592042114585638,"w":0.9872133731842041},"size":31.781452178955079,"orthographic":false}