{"cameraMode":{"drawMode":0,"name":"Shaded","section":"Shading Mode"},"sceneLighting":false,"audioPlay":false,"sceneViewState":{"m_AlwaysRefresh":false,"showFog":true,"showSkybox":false,"showFlares":true,"showImageEffects":true,"showParticleSystems":true,"showVisualEffectGraphs":true,"m_FxEnabled":true},"in2DMode":false,"pivot":{"x":0.46000000834465029,"y":0.25999999046325686,"z":4.010000228881836},"rotation":{"x":0.15526670217514039,"y":0.03555504232645035,"z":-0.005592042114585638,"w":0.9872133731842041},"size":0.21575874090194703,"orthographic":false}