{"cameraMode":{"drawMode":0,"name":"Shaded","section":"Shading Mode"},"sceneLighting":false,"audioPlay":false,"sceneViewState":{"m_AlwaysRefresh":false,"showFog":true,"showSkybox":false,"showFlares":true,"showImageEffects":true,"showParticleSystems":true,"showVisualEffectGraphs":true,"m_FxEnabled":true},"in2DMode":false,"pivot":{"x":-4.965481281280518,"y":4.127445220947266,"z":19.861587524414064},"rotation":{"x":0.17803911864757539,"y":-0.20353713631629945,"z":0.037668947130441669,"w":0.9620081186294556},"size":19.914243698120118,"orthographic":false}