{"cameraMode":{"drawMode":0,"name":"Shaded","section":"Shading Mode"},"sceneLighting":false,"audioPlay":false,"sceneViewState":{"m_AlwaysRefresh":false,"showFog":true,"showSkybox":false,"showFlares":true,"showImageEffects":true,"showParticleSystems":true,"showVisualEffectGraphs":true,"m_FxEnabled":true},"in2DMode":false,"pivot":{"x":0.10609772801399231,"y":-0.305478572845459,"z":24.034440994262697},"rotation":{"x":0.09883811324834824,"y":-0.0029853202868252994,"z":0.0002965424209833145,"w":0.9951016306877136},"size":15.600088119506836,"orthographic":false}