{"cameraMode":{"drawMode":0,"name":"Shaded","section":"Shading Mode"},"sceneLighting":false,"audioPlay":false,"sceneViewState":{"m_AlwaysRefresh":false,"showFog":true,"showSkybox":false,"showFlares":true,"showImageEffects":true,"showParticleSystems":true,"showVisualEffectGraphs":true,"m_FxEnabled":true},"in2DMode":false,"pivot":{"x":-1.906564474105835,"y":-2.6563711166381838,"z":9.156174659729004},"rotation":{"x":0.35180890560150149,"y":-0.17130374908447267,"z":0.06565505266189575,"w":0.9179171919822693},"size":16.281675338745118,"orthographic":false}